{
  "state": {
    "isStdOutTTY": true,
    "isStdErrTTY": true,
    "testRunDurationMs": 31113.7749
  },
  "metrics": {
    "http_req_waiting": {
      "type": "trend",
      "contains": "time",
      "values": {
        "avg": 120.16853451327432,
        "min": 116.9674,
        "med": 119.16284999999999,
        "max": 169.5839,
        "p(90)": 122.65594999999999,
        "p(95)": 124.90575
      }
    },
    "http_req_receiving": {
      "type": "trend",
      "contains": "time",
      "values": {
        "min": 0,
        "med": 0,
        "max": 116.4986,
        "p(90)": 0.9718500000000001,
        "p(95)": 1.003775,
        "avg": 0.7526734513274341
      }
    },
    "http_req_connecting": {
      "contains": "time",
      "values": {
        "min": 0,
        "med": 0,
        "max": 156.3787,
        "p(90)": 0,
        "p(95)": 118.512225,
        "avg": 8.07087522123894
      },
      "type": "trend"
    },
    "http_req_duration": {
      "type": "trend",
      "contains": "time",
      "values": {
        "p(90)": 122.98365000000001,
        "p(95)": 125.887925,
        "avg": 120.93547876106196,
        "min": 117.0863,
        "med": 119.424,
        "max": 235.3706
      }
    },
    "http_req_duration{expected_response:true}": {
      "type": "trend",
      "contains": "time",
      "values": {
        "p(95)": 125.887925,
        "avg": 120.93547876106196,
        "min": 117.0863,
        "med": 119.424,
        "max": 235.3706,
        "p(90)": 122.98365000000001
      }
    },
    "http_req_blocked": {
      "type": "trend",
      "contains": "time",
      "values": {
        "med": 0,
        "max": 292.8166,
        "p(90)": 0,
        "p(95)": 239.8549,
        "avg": 16.51509690265487,
        "min": 0
      }
    },
    "iterations": {
      "type": "counter",
      "contains": "default",
      "values": { "count": 226, "rate": 7.263663786421493 }
    },
    "data_received": {
      "type": "counter",
      "contains": "data",
      "values": { "count": 2682637, "rate": 86220.23552661236 }
    },
    "http_reqs": {
      "type": "counter",
      "contains": "default",
      "values": { "count": 226, "rate": 7.263663786421493 }
    },
    "http_req_sending": {
      "type": "trend",
      "contains": "time",
      "values": {
        "avg": 0.01427079646017699,
        "min": 0,
        "med": 0,
        "max": 1.0004,
        "p(90)": 0,
        "p(95)": 0
      }
    },
    "http_req_tls_handshaking": {
      "values": {
        "avg": 8.402912831858407,
        "min": 0,
        "med": 0,
        "max": 168.0115,
        "p(90)": 0,
        "p(95)": 120.7132
      },
      "type": "trend",
      "contains": "time"
    },
    "vus": {
      "type": "gauge",
      "contains": "default",
      "values": { "value": 2, "min": 2, "max": 15 }
    },
    "iteration_duration": {
      "type": "trend",
      "contains": "time",
      "values": {
        "p(90)": 1140.0659,
        "p(95)": 1370.227875,
        "avg": 1144.0694805309738,
        "min": 1119.4513,
        "med": 1124.4335999999998,
        "max": 1423.2298
      }
    },
    "http_req_failed": {
      "type": "rate",
      "contains": "default",
      "values": { "rate": 0, "passes": 0, "fails": 226 }
    },
    "data_sent": {
      "type": "counter",
      "contains": "data",
      "values": { "count": 27248, "rate": 875.7535878425347 }
    },
    "vus_max": {
      "type": "gauge",
      "contains": "default",
      "values": { "value": 15, "min": 15, "max": 15 }
    }
  },
  "root_group": {
    "checks": [],
    "name": "",
    "path": "",
    "id": "d41d8cd98f00b204e9800998ecf8427e",
    "groups": []
  },
  "options": {
    "summaryTimeUnit": "",
    "noColor": false,
    "summaryTrendStats": ["avg", "min", "med", "max", "p(90)", "p(95)"]
  }
}
